{"cameraMode":{"drawMode":0,"name":"Shaded","section":"Shading Mode"},"sceneLighting":true,"audioPlay":false,"sceneViewState":{"m_AlwaysRefresh":false,"showFog":true,"showSkybox":true,"showFlares":true,"showImageEffects":true,"showParticleSystems":true,"showVisualEffectGraphs":true,"m_FxEnabled":true},"in2DMode":false,"pivot":{"x":5.084726333618164,"y":-15.921211242675782,"z":39.76897048950195},"rotation":{"x":0.3256215453147888,"y":-0.02995961531996727,"z":0.010494294576346875,"w":0.9450857043266296},"size":4.9966630935668949,"orthographic":false}